_id,model_release_year,make,model,variant,engine_displacement,engine_configuration,engine_induction,fwd_gears_no,transmission_type_description,side_door_no,seating_capacity,body_style,driving_wheels_no,fuel_type,co2_emissions_combined,fuel_consumption_combined,energy_consumption_whkm,electric_range_km,air_pollution_standard,is_current_model,model_end_year,fuel_life_cycle_co2,annual_tailpipe_co2,annual_fuel_cost,model_release_version,test_speed,stationary_noise_data
66d7e0f5cdf87e8b5d63de70,2020,Tesla,Model 3,StandardRange (E1RB),0,Electric,N/A,1,N/A,4,5,Sedan,2,Pure Electric,0,0,132,490,Pure EV,Yes,0,107,0,554,,,
66d7e0f5cdf87e8b5d63de71,2022,Tesla,Model 3,StandardRange (E6LRB),0,Electric,N/A,1,N/A,4,5,Sedan,2,Pure Electric,0,0,134,559,Pure EV,Yes,0,109,0,563,,,
66d7e0f5cdf87e8b5d63de72,2022,Tesla,Model 3,RWD (E6LRB),0,Electric,N/A,1,N/A,4,5,Sedan,2,Pure Electric,0,0,134,559,Pure EV,Yes,0,109,0,563,,,
66d7e0f5cdf87e8b5d63de74,2021,Tesla,Model 3,LongRange (E5LDB),0,Electric,N/A,1,N/A,4,5,Sedan,4,Pure Electric,0,0,135,694,Pure EV,Yes,0,109,0,567,,,
66d7e0f5cdf87e8b5d63de79,2020,Tesla,Model 3,LongRange (E5DB),0,Electric,N/A,1,N/A,4,5,Sedan,4,Pure Electric,0,0,138,657,Pure EV,Yes,0,112,0,580,,,
66d7e0f5cdf87e8b5d63de7b,2023,MG,MG4,64kWh EV RWD LUX ,0,Electric,N/A,1,Auto,4,5,Hatch,2,Pure Electric,0,0,138,505,Pure EV,Yes,0,112,0,580,,,
66d7e0f5cdf87e8b5d63de7c,2023,Tesla,Model 3,Long Range H5LDB,0,Electric,N/A,1,N/A,4,5,Sedan,4,Pure Electric,0,0,140,629,Pure EV,Yes,0,113,0,588,,,
66d7e0f5cdf87e8b5d63de7d,2023,MG,MG4,77kWh EV RWD,0,Electric,N/A,1,Auto,4,5,Hatch,2,Pure Electric,0,0,140,590,Pure EV,Yes,0,113,0,588,,,
66d7e0f5cdf87e8b5d63de7e,2024,Mercedes-Benz,EQA Class,EQA 250+,0,Electric,N/A,1,Auto,4,5,Wagon,2,Pure Electric,0,0,141,578,Pure EV,Yes,0,114,0,592,H243,,
66d7e0f5cdf87e8b5d63de81,2024,Toyota,bZ4X,,0,Electric,N/A,1,Auto,4,5,Wagon,4,Pure Electric,0,0,141,485,Pure EV,Yes,0,114,0,592,,,
66d7e0f5cdf87e8b5d63de97,2022,Tesla,Model 3,Performance (E5LDP),0,Electric,N/A,1,N/A,4,5,Sedan,4,Pure Electric,0,0,157,615,Pure EV,Yes,0,127,0,659,,,
66d7e0f5cdf87e8b5d63de98,2024,BMW,X1,iX1 eDrive20,0,Electric,N/A,1,Auto,4,5,Wagon,2,Pure Electric,0,0,157,464,Pure EV,Yes,0,127,0,659,U11,4000,
66d7e0f5cdf87e8b5d63de9e,2022,BYD,ATTO 3,EXTENDED,0,Electric,N/A,1,N/A,4,5,Wagon,2,Pure Electric,0,0,160,420,Pure EV,Yes,0,130,0,672,SC2E,,
66d7e0f5cdf87e8b5d63dea1,2021,Mercedes-Benz,EQA Class,EQA250,0,Electric,N/A,1,Auto,4,5,Wagon,2,Pure Electric,0,0,162,524,Pure EV,Yes,0,131,0,680,H243,,
66d7e0f5cdf87e8b5d63dea6,2023,Mercedes-Benz,EQE Class,EQE 300,0,Electric,N/A,1,Auto,4,5,Sedan,2,Pure Electric,0,0,163,626,Pure EV,Yes,0,132,0,685,V295,,
66d7e0f5cdf87e8b5d63dea8,2023,BMW,5 Series,i5 eDrive40,0,Electric,N/A,1,Auto,4,5,Sedan,2,Pure Electric,0,0,165,550,Pure EV,Yes,0,134,0,693,G60,,
66d7e0f5cdf87e8b5d63de69,2023,BYD,DOLPHIN,Dynamic,0,Electric,N/A,1,Auto,3,5,Hatch,2,Pure Electric,0,0,126,410,Pure EV,Yes,0,102,0,529,EM2E,,
66d7e0f5cdf87e8b5d63de6a,2023,Lexus,UX 300e,,0,Electric,N/A,1,Auto,4,5,Hatch,2,Pure Electric,0,0,128,560,Pure EV,Yes,0,104,0,538,,,
66d7e0f5cdf87e8b5d63de6b,2024,Toyota,bZ4X,,0,Electric,N/A,1,Auto,4,5,Wagon,2,Pure Electric,0,0,128,535,Pure EV,Yes,0,104,0,538,,,
66d7e0f5cdf87e8b5d63de6e,2023,Tesla,Model 3,RWD H6LRB,0,Electric,N/A,1,N/A,4,5,Sedan,2,Pure Electric,0,0,132,513,Pure EV,Yes,0,107,0,554,,,
66d7e0f5cdf87e8b5d63de76,2018,BMW,I01,i3 BEV 94 Ah,0,Electric,N/A,1,N/A,4,4,Sedan,2,Pure Electric,0,0,136,290,Pure EV,Yes,0,110,0,571,,,
66d7e0f5cdf87e8b5d63de83,2023,BYD,DOLPHIN,PERFORMANCE,0,Electric,N/A,1,Auto,4,5,Hatch,2,Pure Electric,0,0,142,490,Pure EV,Yes,0,115,0,596,EM2E,,
66d7e0f5cdf87e8b5d63de87,2024,MINI,Aceman,SE,0,Electric,N/A,1,Auto,4,5,Wagon,2,Pure Electric,0,0,144,380,Pure EV,Yes,0,117,0,605,J05,7000,
66d7e0f5cdf87e8b5d63de8e,2024,Mercedes-Benz,EQB,EQB 250+,0,Electric,N/A,1,Auto,4,7,Wagon,2,Pure Electric,0,0,147,564,Pure EV,Yes,0,119,0,617,X243,,
66d7e0f5cdf87e8b5d63de94,2021,Tesla,Model Y,Performance (PY5LD),0,Electric,N/A,1,Auto,4,5,SUV,4,Pure Electric,0,0,156,604,Pure EV,Yes,0,126,0,655,,1,68
66d7e0f5cdf87e8b5d63de95,2024,Renault,Megane E-Tech,Techno EV60,0,Electric,N/A,1,Auto,4,5,Hatch,2,Pure Electric,0,0,156,454,Pure EV,Yes,0,126,0,655,,,
66d7e0f5cdf87e8b5d63de9a,2024,Mercedes-Benz,EQA Class,EQA 350 4MATIC,0,Electric,N/A,1,Auto,4,5,Wagon,4,Pure Electric,0,0,159,489,Pure EV,Yes,0,129,0,668,H243,,
66d7e0f5cdf87e8b5d63de9d,2017,Renault,Kangoo,ZE,0,Electric,N/A,0,N/A,3,2,Van,2,Pure Electric,0,0,159,264,Pure EV,Yes,0,129,0,668,,,
66d7e0f5cdf87e8b5d63dea2,2021,Mercedes-Benz,EQA Class,EQA250,0,Electric,N/A,1,Auto,4,5,Wagon,2,Pure Electric,0,0,162,480,Pure EV,Yes,0,131,0,680,H243,,
66d7e0f5cdf87e8b5d63dea4,2020,MG,ZS EV,,0,Electric,N/A,1,N/A,4,5,SUV,2,Pure Electric,0,0,162,320,Pure EV,Yes,0,131,0,680,,,
66d7e0f5cdf87e8b5d63de6c,2023,MG,MG4,64kWh EV RWD ,0,Electric,N/A,1,Auto,4,5,Hatch,2,Pure Electric,0,0,130,535,Pure EV,Yes,0,105,0,546,,,
66d7e0f5cdf87e8b5d63de6d,2016,BMW,I01,i3 BEV 94Ah,0,Electric,N/A,1,Other,4,4,Sedan,2,Pure Electric,0,0,131,300,Pure EV,Yes,0,106,0,550,,,48
66d7e0f5cdf87e8b5d63de73,2021,Tesla,Model 3,StandardRange (E6LRB),0,Electric,N/A,1,N/A,4,5,Sedan,2,Pure Electric,0,0,134,556,Pure EV,Yes,0,109,0,563,,,
66d7e0f5cdf87e8b5d63de77,2019,BMW,i3,i3 BEV 120Ah,0,Electric,N/A,1,Other,4,4,Sedan,2,Pure Electric,0,0,137,335,Pure EV,Yes,0,111,0,575,I01,,
66d7e0f5cdf87e8b5d63de78,2020,Tesla,Model 3,LongRange (E3DB),0,Electric,N/A,1,N/A,4,5,Sedan,4,Pure Electric,0,0,138,657,Pure EV,Yes,0,112,0,580,,,
66d7e0f5cdf87e8b5d63de80,2024,Subaru,Solterra,AWD Touring,0,Electric,N/A,0,N/A,4,5,Wagon,4,Pure Electric,0,0,141,485,Pure EV,Yes,0,114,0,592,MY24,,
66d7e0f5cdf87e8b5d63de82,2024,MINI,Aceman,E,0,Electric,N/A,1,Auto,4,5,Wagon,2,Pure Electric,0,0,141,300,Pure EV,Yes,0,114,0,592,J05,5000,
66d7e0f5cdf87e8b5d63de84,2022,Hyundai,IONIQ6,LRG Range 18 inch,0,Electric,Normal,1,Auto,4,5,Sedan,2,Pure Electric,0,0,143,614,Pure EV,Yes,0,116,0,601,,,
66d7e0f5cdf87e8b5d63de88,2023,Fiat,500e,FWD 87 kW 42 kWh,0,Electric,N/A,1,Auto,2,4,Hatch,2,Pure Electric,0,0,144,311,Pure EV,Yes,0,117,0,605,,,
66d7e0f5cdf87e8b5d63de8c,2021,Tesla,Model Y,(SY6LR),0,Electric,N/A,1,Auto,4,5,SUV,2,Pure Electric,0,0,146,510,Pure EV,Yes,0,118,0,613,,1,70
66d7e0f5cdf87e8b5d63de92,2023,MG,MG4,64kWh EV 4WD,0,Electric,N/A,1,Auto,4,5,Hatch,4,Pure Electric,0,0,152,460,Pure EV,Yes,0,123,0,638,,,
66d7e0f5cdf87e8b5d63de99,2022,Tesla,Model Y,RWD (SY6LR),0,Electric,N/A,1,N/A,4,5,SUV,2,Pure Electric,0,0,157,455,Pure EV,Yes,0,127,0,659,,,
66d7e0f5cdf87e8b5d63de9f,2022,BYD,ATTO 3,STANDARD,0,Electric,N/A,1,N/A,4,5,Wagon,2,Pure Electric,0,0,160,345,Pure EV,Yes,0,130,0,672,SC2E,,
66d7e0f5cdf87e8b5d63dea0,2023,Peugeot,2008,e2008 GT,0,Electric,N/A,1,Auto,4,5,SUV,2,Pure Electric,0,0,161,328,Pure EV,Yes,0,130,0,676,,,
66d7e0f5cdf87e8b5d63dea3,2022,Kia,Niro,EV,1.6,4cyl,N/A,1,Auto,4,5,SUV,2,Pure Electric,0,0,162,460,Pure EV,Yes,0,131,0,680,2022,,
66d7e0f5cdf87e8b5d63dea5,2023,Mercedes-Benz,EQE,300,0,Electric,N/A,1,Auto,4,5,Sedan,2,Pure Electric,0,0,163,626,Pure EV,Yes,0,132,0,685,V295,,
66d7e0f5cdf87e8b5d63de6f,2020,Tesla,Model 3,StandardRange (E6RB),0,Electric,N/A,1,N/A,4,5,Sedan,2,Pure Electric,0,0,132,508,Pure EV,Yes,0,107,0,554,,,
66d7e0f5cdf87e8b5d63de75,2022,Tesla,Model 3,LongRange (E5LDB),0,Electric,N/A,1,N/A,4,5,Sedan,4,Pure Electric,0,0,136,681,Pure EV,Yes,0,110,0,571,,,
66d7e0f5cdf87e8b5d63de7a,2023,BYD,SEAL,Dynamic,0,Electric,N/A,1,Auto,4,5,Sedan,2,Pure Electric,0,0,138,510,Pure EV,Yes,0,112,0,580,EK,,
66d7e0f5cdf87e8b5d63de7f,2024,Subaru,Solterra,AWD,0,Electric,N/A,0,N/A,4,5,Wagon,4,Pure Electric,0,0,141,485,Pure EV,Yes,0,114,0,592,MY24,,
66d7e0f5cdf87e8b5d63de85,2018,BMW,I01,i3s BEV 94 Ah,0,Electric,N/A,1,N/A,4,4,Sedan,2,Pure Electric,0,0,143,280,Pure EV,Yes,0,116,0,601,,,
66d7e0f5cdf87e8b5d63de86,2022,Tesla,Model 3,RWD (E6LRB),0,Electric,N/A,1,N/A,4,5,Sedan,2,Pure Electric,0,0,144,491,Pure EV,Yes,0,117,0,605,,,
66d7e0f5cdf87e8b5d63de89,2019,BMW,i3,i3s BEV 120Ah,0,Electric,N/A,1,Other,4,4,Sedan,2,Pure Electric,0,0,145,329,Pure EV,Yes,0,117,0,609,I01,,
66d7e0f5cdf87e8b5d63de8a,2023,BYD,SEAL,PREMIUM,0,Electric,N/A,1,Auto,4,5,Sedan,2,Pure Electric,0,0,146,650,Pure EV,Yes,0,118,0,613,EK,,
66d7e0f5cdf87e8b5d63de8b,2022,Tesla,Model Y,RWD (SY6LR),0,Electric,N/A,1,Auto,4,5,SUV,2,Pure Electric,0,0,146,510,Pure EV,Yes,0,118,0,613,,1,70
66d7e0f5cdf87e8b5d63de8d,2022,Tesla,Model 3,LongRange (E5LDB),0,Electric,N/A,1,N/A,4,5,Sedan,4,Pure Electric,0,0,147,602,Pure EV,Yes,0,119,0,617,,,
66d7e0f5cdf87e8b5d63de8f,2024,MINI,Cooper,E,0,Electric,N/A,1,Auto,2,4,Hatch,2,Pure Electric,0,0,150,271,Pure EV,Yes,0,122,0,630,J01,4000,
66d7e0f5cdf87e8b5d63de90,2024,MINI,Cooper,SE,0,Electric,N/A,1,Auto,2,4,Hatch,2,Pure Electric,0,0,151,362,Pure EV,Yes,0,122,0,634,J01,5500,
66d7e0f5cdf87e8b5d63de91,2023,Lexus,RZ 450e,,0,Electric,N/A,1,Auto,4,5,Wagon,4,Pure Electric,0,0,152,470,Pure EV,Yes,0,123,0,638,,,
66d7e0f5cdf87e8b5d63de93,2021,Tesla,Model Y,LongRange (LY5LD),0,Electric,N/A,1,Auto,4,5,SUV,4,Pure Electric,0,0,154,612,Pure EV,Yes,0,125,0,647,,1,68
66d7e0f5cdf87e8b5d63de96,2020,Tesla,Model 3,Performance (E3DP),0,Electric,N/A,1,N/A,4,5,Sedan,4,Pure Electric,0,0,157,628,Pure EV,Yes,0,127,0,659,,,
66d7e0f5cdf87e8b5d63de9b,2021,Kia,Niro,S,0,Electric,N/A,1,Other,4,5,Wagon,2,Pure Electric,0,0,159,455,Pure EV,Yes,0,129,0,668,2021,,
66d7e0f5cdf87e8b5d63de9c,2021,Kia,Niro,Sport,0,Electric,N/A,1,Other,4,5,Wagon,2,Pure Electric,0,0,159,455,Pure EV,Yes,0,129,0,668,2021,,
66d7e0f5cdf87e8b5d63dea7,2023,BYD,SEAL,PERFORMANCE,0,Electric,N/A,1,Auto,4,5,Sedan,4,Pure Electric,0,0,164,580,Pure EV,Yes,0,133,0,689,EK,,
66d7e0f5cdf87e8b5d63dead,2020,Tesla,Model S,LongRange (SA3EB),0,Electric,N/A,1,N/A,4,5,Hatch,4,Pure Electric,0,0,167,722,Pure EV,Yes,0,135,0,701,,,
66d7e0f5cdf87e8b5d63deb2,2023,GWM,Ora,Extended Range GT,0,Electric,N/A,1,N/A,4,5,Hatch,2,Pure Electric,0,0,168,400,Pure EV,Yes,0,136,0,706,,,
66d7e0f5cdf87e8b5d63deaf,2022,Mercedes-Benz,EQB,EQB 250 ,0,Electric,N/A,1,Auto,4,5,Wagon,2,Pure Electric,0,0,167,507,Pure EV,Yes,0,135,0,701,X243,,
66d7e0f5cdf87e8b5d63deb3,2020,MINI,Cooper SE,Hardtop,0,Electric,N/A,1,Auto,2,4,Hatch,2,Pure Electric,0,0,168,222,Pure EV,Yes,0,136,0,706,F56,,
66d7e0f5cdf87e8b5d63deb6,2023,Cupra,Born,"77kWh 4 seat (19 Alloys)""",0,Electric,N/A,1,Auto,4,4,Hatch,2,Pure Electric,0,0,170,511,Pure EV,Yes,0,138,0,714,MY23,,
66d7e0f5cdf87e8b5d63deb7,2023,Cupra,Born,Born 77kWh 5 seat,0,Electric,N/A,1,Auto,4,5,Hatch,2,Pure Electric,0,0,170,511,Pure EV,Yes,0,138,0,714,MY23,,
66d7e0f5cdf87e8b5d63debb,2019,Nissan,ZE1 LEAF,,0,Electric,N/A,1,Other,4,5,Hatch,2,Pure Electric,0,0,171,315,Pure EV,Yes,0,139,0,718,,,
66d7e0f5cdf87e8b5d63dec2,2022,Tesla,Model Y,Performance (PY5LD),0,Electric,N/A,1,N/A,4,5,SUV,4,Pure Electric,0,0,173,514,Pure EV,Yes,0,140,0,727,,,
66d7e0f5cdf87e8b5d63dec7,2024,Renault,Kangoo E-Tech,LWB PRO EV45,0,Electric,N/A,1,Auto,4,2,Van,2,Pure Electric,0,0,175,286,Pure EV,Yes,0,142,0,735,,,
66d7e0f5cdf87e8b5d63deca,2023,MG,ZS EV,72kWh,0,Electric,N/A,1,Auto,4,5,SUV,2,Pure Electric,0,0,177,505,Pure EV,Yes,0,143,0,743,,,
66d7e0f5cdf87e8b5d63decb,2022,MG,ZS EV,51kWh,0,Electric,N/A,1,Auto,4,5,SUV,2,Pure Electric,0,0,177,360,Pure EV,Yes,0,143,0,743,,,
66d7e0f5cdf87e8b5d63dedb,2023,BMW,X1,iX1 xDrive30,0,Electric,N/A,1,Auto,4,5,Wagon,4,Pure Electric,0,0,183,400,Pure EV,Yes,0,148,0,769,U11,4000,
66d7e0f5cdf87e8b5d63dedc,2024,MINI,Countryman,SE ALL4,0,Electric,N/A,1,Auto,4,5,Wagon,4,Pure Electric,0,0,183,396,Pure EV,Yes,0,148,0,769,U25,,
66d7e0f5cdf87e8b5d63dee5,2023,Mercedes-Benz,EQE SUV,EQE 300 SUV ,0,Electric,N/A,1,Auto,4,5,SUV,2,Pure Electric,0,0,189,539,Pure EV,Yes,0,153,0,794,X294,,
66d7e0f5cdf87e8b5d63dee6,2023,Mercedes-Benz,EQE SUV,EQE 350 4MATIC SUV ,0,Electric,N/A,1,Auto,4,5,SUV,4,Pure Electric,0,0,189,539,Pure EV,Yes,0,153,0,794,X294,,
66d7e0f5cdf87e8b5d63deb8,2022,Mercedes-Benz,EQA Class,EQA350 4MATIC,0,Electric,N/A,1,Auto,4,5,Wagon,4,Pure Electric,0,0,171,464,Pure EV,Yes,0,139,0,718,H243,,
66d7e0f5cdf87e8b5d63deb9,2024,BMW,iX2,eDrive20,0,Electric,N/A,1,Auto,4,5,Wagon,4,Pure Electric,0,0,171,427,Pure EV,Yes,0,139,0,718,U10,3750,
66d7e0f5cdf87e8b5d63debc,2022,Nissan,Leaf,,0,Electric,N/A,1,Auto,4,5,Hatch,2,Pure Electric,0,0,171,311,Pure EV,Yes,0,139,0,718,ZE1,,
66d7e0f5cdf87e8b5d63debd,2020,Tesla,Model S,SA3EP Performance,0,Electric,N/A,1,N/A,4,5,Hatch,4,Pure Electric,0,0,172,704,Pure EV,Yes,0,139,0,722,,,
66d7e0f5cdf87e8b5d63debf,2022,Kia,EV6,GT-Line RWD,0,Electric,N/A,1,Other,4,5,Wagon,2,Pure Electric,0,0,172,504,Pure EV,Yes,0,139,0,722,,,
66d7e0f5cdf87e8b5d63dec1,2023,Ford,Mach-E,Premium 4P RWD,0,Electric,N/A,1,CVT,4,5,SUV,2,Pure Electric,0,0,173,600,Pure EV,Yes,0,140,0,727,,1200,67
66d7e0f5cdf87e8b5d63dec3,2022,BMW,G26,i4 eDrive35,0,Electric,N/A,1,Auto,4,5,Sedan,2,Pure Electric,0,0,173,430,Pure EV,Yes,0,140,0,727,4 Series,,
66d7e0f5cdf87e8b5d63dec4,2024,Volvo,EX30,Single Motor,0,Electric,N/A,1,Auto,4,5,Hatch,2,Pure Electric,0,0,175,462,Pure EV,Yes,0,142,0,735,,,
66d7e0f5cdf87e8b5d63dec5,2023,Volvo,C40,Recharge,0,Electric,N/A,1,Auto,4,5,Hatch,2,Pure Electric,0,0,175,445,Pure EV,No,2024,142,0,735,,,
66d7e0f5cdf87e8b5d63dec9,2023,Mercedes-Benz,EQE Class,EQE 350 4MATIC,0,Electric,N/A,1,Auto,4,5,Sedan,4,Pure Electric,0,0,176,590,Pure EV,Yes,0,143,0,739,V295,,
66d7e0f5cdf87e8b5d63ded0,2023,BMW,5 Series,i5 M60 xDrive,0,Electric,N/A,1,Auto,4,5,Sedan,4,Pure Electric,0,0,180,506,Pure EV,Yes,0,146,0,756,G60,,
66d7e0f5cdf87e8b5d63ded2,2021,Nissan,ZE1 LEAF,e+,0,Electric,N/A,1,Other,4,5,Hatch,2,Pure Electric,0,0,180,450,Pure EV,Yes,0,146,0,756,,,
66d7e0f5cdf87e8b5d63ded5,2024,BMW,5 Series,i5 M60 xDrive Touring,0,Electric,N/A,1,Auto,4,5,Wagon,4,Pure Electric,0,0,181,501,Pure EV,Yes,0,147,0,760,G61,,
66d7e0f5cdf87e8b5d63ded6,2023,Fiat,500e,Abarth 500e 113.7 kW 42 kWh FWD ELECTRIC,0,Electric,N/A,1,Auto,2,4,Hatch,2,Pure Electric,0,0,181,253,Pure EV,Yes,0,147,0,760,,,
66d7e0f5cdf87e8b5d63ded9,2024,Mercedes-Benz,EQE SUV,350 4MATIC SUV,0,Electric,N/A,1,Auto,4,5,SUV,4,Pure Electric,0,0,183,574,Pure EV,Yes,0,148,0,769,X294,,
66d7e0f5cdf87e8b5d63dedd,2023,MG,MG4,51kWh EV RWD ,0,Electric,N/A,1,Auto,4,5,Hatch,2,Pure Electric,0,0,184,405,Pure EV,Yes,0,149,0,773,,,
66d7e0f5cdf87e8b5d63dedf,2024,BMW,iX2,xDrive30,0,Electric,N/A,1,Auto,4,5,Wagon,4,Pure Electric,0,0,185,395,Pure EV,Yes,0,150,0,777,U10,3750,
66d7e0f5cdf87e8b5d63dee1,2023,Ford,Mach-E,Premium 4P AWD,0,Electric,N/A,1,CVT,4,5,SUV,4,Pure Electric,0,0,188,550,Pure EV,Yes,0,152,0,790,,1200,66
66d7e0f5cdf87e8b5d63dee3,2022,Mercedes-Benz,EQB,EQB 350 4MATIC,0,Electric,N/A,1,Auto,4,5,Wagon,4,Pure Electric,0,0,188,445,Pure EV,Yes,0,152,0,790,X243,,
66d7e0f5cdf87e8b5d63dee8,2024,Mercedes-Benz,EQS SUV,450 4MATIC SUV,0,Electric,N/A,1,Auto,4,7,SUV,4,Pure Electric,0,0,191,698,Pure EV,Yes,0,155,0,802,X296,,
66d7e0f5cdf87e8b5d63deab,2023,GWM,Ora,Extended Range,0,Electric,N/A,1,Auto,4,5,Hatch,2,Pure Electric,0,0,165,420,Pure EV,Yes,0,134,0,693,,,
66d7e0f5cdf87e8b5d63deae,2024,Tesla,Model 3,H5LDP,0,Electric,N/A,1,Auto,4,5,Sedan,4,Pure Electric,0,0,167,528,Pure EV,Yes,0,135,0,701,AWD PERFORMANCE,,
66d7e0f5cdf87e8b5d63deb0,2022,Mercedes-Benz,EQB,EQB 250 ,0,Electric,N/A,1,Auto,4,7,Wagon,2,Pure Electric,0,0,167,507,Pure EV,Yes,0,135,0,701,X243,,
66d7e0f5cdf87e8b5d63deb1,2023,GWM,Ora,Standard Range,0,Electric,N/A,1,Auto,4,5,Hatch,2,Pure Electric,0,0,167,310,Pure EV,Yes,0,135,0,701,,,
66d7e0f5cdf87e8b5d63deb4,2022,Tesla,Model Y,LongRange (LY5LD),0,Electric,N/A,1,N/A,4,5,SUV,4,Pure Electric,0,0,169,533,Pure EV,Yes,0,137,0,710,,,
66d7e0f5cdf87e8b5d63deb5,2022,Hyundai,IONIQ6,LRG Range 20 inch,0,Electric,N/A,1,Auto,4,5,Sedan,4,Pure Electric,0,0,169,519,Pure EV,Yes,0,137,0,710,,,
66d7e0f5cdf87e8b5d63debe,2024,Mercedes-Benz,EQE SUV,300 SUV,0,Electric,N/A,1,Auto,4,5,SUV,2,Pure Electric,0,0,172,606,Pure EV,Yes,0,139,0,722,X294,,
66d7e0f5cdf87e8b5d63dec0,2024,MINI,Countryman,E,0,Electric,N/A,1,Auto,4,5,Wagon,2,Pure Electric,0,0,172,422,Pure EV,Yes,0,139,0,722,U25,,
66d7e0f5cdf87e8b5d63dec6,2024,Renault,Kangoo E-Tech,SWB PRO EV45,0,Electric,N/A,1,Auto,4,2,Van,2,Pure Electric,0,0,175,286,Pure EV,Yes,0,142,0,735,,,
66d7e0f5cdf87e8b5d63dec8,2023,Mercedes-Benz,EQE,350 4MATIC,0,Electric,N/A,1,Auto,4,5,Sedan,4,Pure Electric,0,0,176,590,Pure EV,Yes,0,143,0,739,V295,,
66d7e0f5cdf87e8b5d63decc,2023,Ford,Mach-E,Select LFP RWD,0,Electric,N/A,1,CVT,4,5,Coupe,2,Pure Electric,0,0,178,470,Pure EV,Yes,0,144,0,748,,1200,67
66d7e0f5cdf87e8b5d63decf,2024,Kia,EV5,Long Range 2WD 18 inch (Air),0,Electric,N/A,1,Auto,4,5,SUV,2,Pure Electric,0,0,180,555,Pure EV,Yes,0,146,0,756,,,
66d7e0f5cdf87e8b5d63ded1,2022,Kia,EV6,GT-Line AWD,0,Electric,N/A,1,Other,4,5,Wagon,4,Pure Electric,0,0,180,484,Pure EV,Yes,0,146,0,756,,,
66d7e0f5cdf87e8b5d63ded3,2024,Volvo,EX30,Twin Motor,0,Electric,N/A,1,Auto,4,5,Hatch,4,Pure Electric,0,0,180,445,Pure EV,Yes,0,146,0,756,,,
66d7e0f5cdf87e8b5d63ded4,2022,Nissan,Leaf,e+,0,Electric,N/A,1,Auto,4,5,Hatch,2,Pure Electric,0,0,180,439,Pure EV,Yes,0,146,0,756,ZE1,,
66d7e0f5cdf87e8b5d63ded7,2023,Cupra,Born,"77kWh 4 seat (20 Alloys)""",0,Electric,N/A,1,Auto,4,4,Hatch,2,Pure Electric,0,0,182,475,Pure EV,Yes,0,147,0,764,MY23,,
66d7e0f5cdf87e8b5d63ded8,2024,Kia,EV5,Standard Range 2WD 18 inch (Air),0,Electric,N/A,1,Auto,4,5,SUV,2,Pure Electric,0,0,182,400,Pure EV,Yes,0,147,0,764,,,
66d7e0f5cdf87e8b5d63deda,2023,Volvo,XC40,Recharge,0,Electric,N/A,1,Auto,4,5,Hatch,2,Pure Electric,0,0,183,435,Pure EV,No,2024,148,0,769,,,
66d7e0f5cdf87e8b5d63dede,2023,Volvo,C40,Recharge Twin,0,Electric,N/A,1,Auto,4,5,Hatch,4,Pure Electric,0,0,185,480,Pure EV,No,2024,150,0,777,,,
66d7e0f5cdf87e8b5d63dee2,2022,Genesis,GV60,AWD,0,Electric,N/A,1,Auto,4,5,SUV,4,Pure Electric,0,0,188,470,Pure EV,Yes,0,152,0,790,,,66
66d7e0f5cdf87e8b5d63dee4,2022,Mercedes-Benz,EQB,EQB 350 4MATIC,0,Electric,N/A,1,Auto,4,7,Wagon,4,Pure Electric,0,0,188,445,Pure EV,Yes,0,152,0,790,X243,,
66d7e0f5cdf87e8b5d63dee7,2021,Hyundai,Ioniq 5,EV,0,Electric,N/A,0,N/A,4,5,SUV,4,Pure Electric,0,0,190,430,Pure EV,Yes,0,154,0,798,,,
66d7e0f5cdf87e8b5d63dea9,2022,Tesla,Model 3,Performance (E5LDP),0,Electric,N/A,1,N/A,4,5,Sedan,4,Pure Electric,0,0,165,547,Pure EV,Yes,0,134,0,693,,,
66d7e0f5cdf87e8b5d63deaa,2022,Kia,EV6,Air RWD,0,Electric,N/A,1,Other,4,5,Wagon,2,Pure Electric,0,0,165,528,Pure EV,Yes,0,134,0,693,,,
66d7e0f5cdf87e8b5d63deac,2022,Kia,Niro Plus,EV,0,Electric,N/A,1,Auto,4,5,Wagon,2,Pure Electric,0,0,166,427,Pure EV,Yes,0,134,0,697,,,
66d7e0f5cdf87e8b5d63deba,2022,MG,ZS EV,,0,Electric,N/A,1,Auto,4,5,SUV,2,Pure Electric,0,0,171,360,Pure EV,Yes,0,139,0,718,,,
66d7e0f5cdf87e8b5d63decd,2022,Mercedes-Benz,EQA Class,EQA350 4MATIC,0,Electric,N/A,1,Auto,4,5,Wagon,4,Pure Electric,0,0,179,475,Pure EV,Yes,0,145,0,752,H243,,
66d7e0f5cdf87e8b5d63dece,2021,Hyundai,Ioniq 5,EV,0,Electric,N/A,0,N/A,4,5,SUV,2,Pure Electric,0,0,179,451,Pure EV,Yes,0,145,0,752,,,
66d7e0f5cdf87e8b5d63dee0,2021,Mazda,MX-30,Electric,0,Electric,N/A,1,Auto,4,5,SUV,2,Pure Electric,0,0,185,224,Pure EV,Yes,0,150,0,777,,,
66d7e0f5cdf87e8b5d63dee9,2020,Tesla,Model X,Long Range (XA3EB),0,Electric,N/A,1,N/A,4,7,SUV,4,Pure Electric,0,0,191,633,Pure EV,Yes,0,155,0,802,,,
66d7e0f5cdf87e8b5d63deeb,2022,Genesis,GV60,Performance AWD,0,Electric,N/A,1,Auto,4,5,SUV,4,Pure Electric,0,0,191,466,Pure EV,Yes,0,155,0,802,,,66
66d7e0f5cdf87e8b5d63deea,2022,Genesis,G80,Electrified,0,Electric,N/A,1,Auto,4,5,Sedan,4,Pure Electric,0,0,191,520,Pure EV,Yes,0,155,0,802,,,68
66d7e0f5cdf87e8b5d63def2,2022,Audi,e-tron GT,"21 Wheels""",0,Electric,N/A,2,Auto,4,5,Sedan,4,Pure Electric,0,0,196,523,Pure EV,Yes,0,159,0,823,,,
66d7e0f5cdf87e8b5d63def4,2022,Polestar,2,170KW,0,Electric,N/A,1,N/A,4,5,SUV,2,Pure Electric,0,0,197,625,Pure EV,Yes,0,160,0,827,,,
66d7e0f5cdf87e8b5d63def5,2023,BMW,7 Series,i7 M70 xDrive,0,Electric,N/A,1,Auto,4,5,Sedan,4,Pure Electric,0,0,197,576,Pure EV,Yes,0,160,0,827,G70,,
66d7e0f5cdf87e8b5d63def6,2022,Genesis,GV70,Electrified,0,Electric,N/A,1,Auto,4,5,SUV,4,Pure Electric,0,0,199,445,Pure EV,Yes,0,161,0,836,,,69
66d7e0f5cdf87e8b5d63def8,2024,Mercedes-Benz,EQS SUV,680 Maybach (5 seat),0,Electric,N/A,1,Auto,4,5,SUV,4,Pure Electric,0,0,202,662,Pure EV,Yes,0,164,0,848,Z296,,
66d7e0f5cdf87e8b5d63df05,2023,Peugeot,Partner ,ePARTNER PRO LONG,0,Electric,N/A,1,Auto,2,2,Van,2,Pure Electric,0,0,218,258,Pure EV,Yes,0,177,0,916,,,
66d7e0f5cdf87e8b5d63df0b,2023,Mercedes-Benz,EQS,500 4MATIC,0,Electric,N/A,1,Auto,4,5,Sedan,4,Pure Electric,0,0,224,570,Pure EV,Yes,0,181,0,941,V297,,
66d7e0f5cdf87e8b5d63df0c,2021,BMW,iX,iX xDrive40,0,Electric,N/A,1,Auto,4,5,Wagon,4,Pure Electric,0,0,225,420,Pure EV,Yes,0,182,0,945,X Series - I20,,
66d7e0f5cdf87e8b5d63df13,2023,Kia,EV9,"Earth AWD 20"",0""",0,Electric,N/A,1,Auto,4,7,SUV,4,Pure Electric,0,0,231,492,Pure EV,Yes,0,187,0,970,,,
66d7e0f5cdf87e8b5d63df15,2022,Audi,e-tron,55 quattro 20/21 Inch Wheel,0,Electric,N/A,1,N/A,4,5,SUV,4,Pure Electric,0,0,232,459,Pure EV,Yes,0,188,0,974,,,
66d7e0f5cdf87e8b5d63df1f,2022,Audi,e-tron,55 quattro 22 Inch Wheel,0,Electric,N/A,1,N/A,4,5,SUV,4,Pure Electric,0,0,243,435,Pure EV,Yes,0,197,0,1021,,,
66d7e0f5cdf87e8b5d63df25,2022,Porsche,Taycan,GTS,0,Electric,N/A,2,Other,4,4,Coupe,4,Pure Electric,0,0,259,485,Pure EV,Yes,0,210,0,1088,,,
66d7e0f5cdf87e8b5d63df26,2022,Audi,e-tron S Sportback,e-tron S quattro,0,Electric,N/A,1,Auto,4,5,SUV,4,Pure Electric,0,0,260,418,Pure EV,Yes,0,211,0,1092,,,
66d7e0f5cdf87e8b5d63df27,2021,Audi,e-tron S Sportback,e-tron S quattro 20 Inch Wheel,0,Electric,N/A,1,Auto,4,5,SUV,4,Pure Electric,0,0,260,418,Pure EV,Yes,0,211,0,1092,,,
66d7e0f5cdf87e8b5d63df29,2020,Porsche,Taycan,4S,0,Electric,N/A,2,Other,4,4,Coupe,4,Pure Electric,0,0,262,365,Pure EV,Yes,0,212,0,1100,,,
66d7e0f5cdf87e8b5d63df2d,2022,BMW,iX,M60,0,Electric,N/A,1,Auto,4,5,Wagon,4,Pure Electric,0,0,265,585,Pure EV,Yes,0,215,0,1113,X Series - I20,6500,
66d7e0f5cdf87e8b5d63deee,2023,Volvo,XC40,Recharge Twin,0,Electric,N/A,1,Auto,4,5,Hatch,4,Pure Electric,0,0,194,485,Pure EV,No,2024,157,0,815,,,
66d7e0f5cdf87e8b5d63def0,2020,Tesla,Model X,Performance (XA3EP),0,Electric,N/A,1,N/A,4,7,Hatch,4,Pure Electric,0,0,196,619,Pure EV,Yes,0,159,0,823,,,
66d7e0f5cdf87e8b5d63deff,2024,Kia,EV5,Long Range 4WD GT-Line,0,Electric,N/A,1,Auto,4,5,SUV,4,Pure Electric,0,0,210,470,Pure EV,Yes,0,170,0,882,,,
66d7e0f5cdf87e8b5d63df01,2024,Hyundai,IONIQ5,N,0,Electric,N/A,1,Auto,4,5,SUV,4,Pure Electric,0,0,212,448,Pure EV,Yes,0,172,0,890,,,
66d7e0f5cdf87e8b5d63df04,2023,Mercedes-Benz,EQE Class,EQE53 AMG 4MATIC+,0,Electric,N/A,1,Auto,4,5,Sedan,4,Pure Electric,0,0,218,500,Pure EV,Yes,0,177,0,916,V295,,
66d7e0f5cdf87e8b5d63df06,2023,Mercedes-Benz,EQE SUV,AMG EQE 53 4MATIC+ SUV,0,Electric,N/A,1,Auto,4,5,SUV,4,Pure Electric,0,0,221,484,Pure EV,Yes,0,179,0,928,X294,,
66d7e0f5cdf87e8b5d63df0d,2023,Kia,EV9,GT-Line AWD,0,Electric,N/A,1,Auto,4,7,SUV,4,Pure Electric,0,0,228,505,Pure EV,Yes,0,185,0,958,,,
66d7e0f5cdf87e8b5d63df0e,2021,BMW,iX,xDrive50,0,Electric,N/A,1,Auto,4,5,Wagon,4,Pure Electric,0,0,230,620,Pure EV,Yes,0,186,0,966,X Series - I20,,
66d7e0f5cdf87e8b5d63df0f,2022,Mercedes-Benz,EQS,53 AMG 4MATIC+,0,Electric,N/A,1,Auto,4,5,Wagon,4,Pure Electric,0,0,230,587,Pure EV,Yes,0,186,0,966,V297,,
66d7e0f5cdf87e8b5d63df12,2018,Jaguar,I-Pace,400EV,0,Electric,N/A,1,Other,4,5,SUV,4,Pure Electric,0,0,230,446,Pure EV,No,2024,186,0,966,,,
66d7e0f5cdf87e8b5d63df17,2022,Polestar,2,300kW,0,Electric,N/A,1,N/A,4,5,Sedan,4,Pure Electric,0,0,234,525,Pure EV,Yes,0,190,0,983,,,
66d7e0f5cdf87e8b5d63df18,2020,Audi,e-tron,50,0,Electric,N/A,1,N/A,4,5,SUV,4,Pure Electric,0,0,236,334,Pure EV,Yes,0,191,0,991,,,
66d7e0f5cdf87e8b5d63df1a,2021,Audi,e-tron Sportback,"55 21 & 22 Wheel""",0,Electric,N/A,1,N/A,4,5,SUV,4,Pure Electric,0,0,238,446,Pure EV,Yes,0,193,0,1000,,,
66d7e0f5cdf87e8b5d63df1c,2022,Mercedes-Benz,EQC Class,EQC400 4MATIC Sport,0,Electric,N/A,1,Auto,4,5,Wagon,4,Pure Electric,0,0,238,430,Pure EV,Yes,0,193,0,1000,293,,
66d7e0f5cdf87e8b5d63df23,2023,Audi,Q8,Q8 e-tron quattro,0,Electric,N/A,1,Auto,4,5,SUV,4,Pure Electric,0,0,256,454,Pure EV,Yes,0,207,0,1075,,,
66d7e0f5cdf87e8b5d63df28,2022,Mercedes-Benz,eVito,Tourer MWB Van,0,Electric,N/A,1,Auto,4,8,Van,2,Pure Electric,0,0,262,421,Pure EV,Yes,0,212,0,1100,447,,
66d7e0f5cdf87e8b5d63df2c,2021,Audi,e-tron S,e-tron S quattro 20/21/22 Inch Wheel,0,Electric,N/A,1,Auto,4,5,SUV,4,Pure Electric,0,0,264,413,Pure EV,Yes,0,214,0,1109,,,
66d7e0f5cdf87e8b5d63deec,2022,Audi,e-tron GT,"20 Wheels""",0,Electric,N/A,2,Auto,4,5,Sedan,4,Pure Electric,0,0,192,540,Pure EV,Yes,0,156,0,806,,,
66d7e0f5cdf87e8b5d63deed,2022,Audi,RS e-tron GT,,0,Electric,N/A,2,Auto,4,5,Sedan,4,Pure Electric,0,0,194,532,Pure EV,Yes,0,157,0,815,,,
66d7e0f5cdf87e8b5d63def3,2023,Ford,Mach-E,Premium LFP AWD,0,Electric,N/A,1,CVT,4,5,SUV,4,Pure Electric,0,0,196,428,Pure EV,Yes,0,159,0,823,,1200,67
66d7e0f5cdf87e8b5d63def7,2024,Kia,EV5,Long Range 4WD 19 inch (Earth),0,Electric,N/A,1,Auto,4,5,SUV,2,Pure Electric,0,0,201,500,Pure EV,Yes,0,163,0,844,,,
66d7e0f5cdf87e8b5d63def9,2024,Mercedes-Benz,EQS SUV,680 Maybach (4 seat),0,Electric,N/A,1,Auto,4,4,SUV,4,Pure Electric,0,0,202,662,Pure EV,Yes,0,164,0,848,Z296,,
66d7e0f5cdf87e8b5d63defd,2023,Kia,EV6,GT,0,Electric,N/A,1,Auto,4,5,Wagon,4,Pure Electric,0,0,206,424,Pure EV,Yes,0,167,0,865,,,
66d7e0f5cdf87e8b5d63defe,2023,Rolls-Royce,Spectre Black Badge,Coupe,0,Electric,N/A,1,Auto,2,4,Coupe,4,Pure Electric,0,0,207,551,Pure EV,Yes,0,168,0,869,RR25,,
66d7e0f5cdf87e8b5d63df08,2022,BMW,G70,i7 xDrive60,0,Electric,N/A,1,Auto,4,5,Sedan,4,Pure Electric,0,0,222,625,Pure EV,Yes,0,180,0,932,7 Series,,
66d7e0f5cdf87e8b5d63df09,2021,BMW,4 Series,i4 eDrive40,0,Electric,N/A,1,Auto,4,5,Sedan,2,Pure Electric,0,0,222,520,Pure EV,Yes,0,180,0,932,G26,,
66d7e0f5cdf87e8b5d63df0a,2023,Kia,EV9,"Earth AWD 19"",0""",0,Electric,N/A,1,Auto,4,7,SUV,4,Pure Electric,0,0,223,512,Pure EV,Yes,0,181,0,937,,,
66d7e0f5cdf87e8b5d63df10,2018,Jaguar,I Pace,I Pace 294kW,0,Electric,N/A,1,Auto,4,5,Sedan,4,Pure Electric,0,0,230,446,Pure EV,Yes,0,186,0,966,X590 23MY,,
66d7e0f5cdf87e8b5d63df19,2021,Audi,e-tron Sportback,"55 20 Wheel""",0,Electric,N/A,1,N/A,4,5,SUV,4,Pure Electric,0,0,238,446,Pure EV,Yes,0,193,0,1000,,,
66d7e0f5cdf87e8b5d63df1e,2022,Audi,e-tron Sportback,55 quattro 22 Inch Wheel,0,Electric,N/A,1,N/A,4,5,SUV,4,Pure Electric,0,0,240,441,Pure EV,Yes,0,194,0,1008,,,
66d7e0f5cdf87e8b5d63df20,2021,BMW,4 Series,i4 M50,0,Electric,N/A,1,Auto,4,5,Sedan,4,Pure Electric,0,0,256,465,Pure EV,Yes,0,207,0,1075,G26,,
66d7e0f5cdf87e8b5d63df2a,2022,Mercedes-Benz,EQV,300e,0,Electric,N/A,1,Auto,4,7,Van,2,Pure Electric,0,0,263,418,Pure EV,Yes,0,213,0,1105,447,,
66d7e0f5cdf87e8b5d63df2b,2022,Audi,e-tron S,e-tron S quattro,0,Electric,N/A,1,Auto,4,5,SUV,4,Pure Electric,0,0,264,413,Pure EV,Yes,0,214,0,1109,,,
66d7e0f5cdf87e8b5d63df2e,2022,LDV,eT60,eT60 4x2 Dual Cab Ute,0,Electric,N/A,1,Auto,4,5,Utility,2,Pure Electric,0,0,269,330,Pure EV,Yes,0,218,0,1130,,,
66d7e0f5cdf87e8b5d63df30,2020,Porsche,Taycan,Turbo,0,Electric,N/A,2,Other,4,4,Coupe,4,Pure Electric,0,0,280,420,Pure EV,Yes,0,227,0,1176,,,
66d7e0f5cdf87e8b5d63deef,2023,Kia,EV9,Air RWD,0,Electric,N/A,1,Auto,4,7,SUV,2,Pure Electric,0,0,195,443,Pure EV,Yes,0,158,0,819,,,
66d7e0f5cdf87e8b5d63def1,2023,Mercedes-Benz,EQE SUV,EQE 500 4MATIC SUV,0,Electric,N/A,1,Auto,4,5,SUV,4,Pure Electric,0,0,196,534,Pure EV,Yes,0,159,0,823,X294,,
66d7e0f5cdf87e8b5d63defa,2021,BMW,X3,iX3,0,Electric,N/A,1,Auto,4,5,Wagon,2,Pure Electric,0,0,202,470,Pure EV,Yes,0,164,0,848,G01,,
66d7e0f5cdf87e8b5d63defb,2023,Mercedes-Benz,EQS SUV,EQS 450 4MATIC SUV,0,Electric,N/A,1,Auto,4,7,SUV,4,Pure Electric,0,0,205,592,Pure EV,Yes,0,166,0,861,X296,,
66d7e0f5cdf87e8b5d63defc,2023,Rolls-Royce,Spectre,Coupe,0,Electric,N/A,1,Auto,2,4,Coupe,4,Pure Electric,0,0,205,555,Pure EV,Yes,0,166,0,861,RR25,,
66d7e0f5cdf87e8b5d63df00,2023,Ford,Mach-E,GT 4P AWD,0,Electric,N/A,1,CVT,4,5,SUV,4,Pure Electric,0,0,212,490,Pure EV,Yes,0,172,0,890,,1200,71
66d7e0f5cdf87e8b5d63df02,2021,BMW,iX3,G08,0,Electric,N/A,1,Auto,4,5,Wagon,2,Pure Electric,0,0,216,440,Pure EV,Yes,0,175,0,907,X3 Series - G01,,
66d7e0f5cdf87e8b5d63df03,2023,Mercedes-Benz,EQE,53 AMG 4MATIC+,0,Electric,N/A,1,Auto,4,5,Sedan,4,Pure Electric,0,0,218,515,Pure EV,Yes,0,177,0,916,V295,,
66d7e0f5cdf87e8b5d63df07,2022,BMW,7 Series,i7 xDrive60,0,Electric,N/A,1,Auto,4,5,Sedan,4,Pure Electric,0,0,222,625,Pure EV,Yes,0,180,0,932,G70,,
66d7e0f5cdf87e8b5d63df11,2018,Jaguar,I Pace,EV400,0,Electric,N/A,1,Auto,4,5,Sedan,4,Pure Electric,0,0,230,446,Pure EV,Yes,0,186,0,966,X590 24MY,,
66d7e0f5cdf87e8b5d63df14,2022,Audi,e-tron Sportback,55 quattro 20/21 Inch Wheel,0,Electric,N/A,1,N/A,4,5,SUV,4,Pure Electric,0,0,232,464,Pure EV,Yes,0,188,0,974,,,
66d7e0f5cdf87e8b5d63df16,2020,Audi,e-tron Sportback,50,0,Electric,N/A,1,N/A,4,5,SUV,4,Pure Electric,0,0,232,341,Pure EV,Yes,0,188,0,974,,,
66d7e0f5cdf87e8b5d63df1b,2022,Mercedes-Benz,EQC Class,EQC400 4M Elec. Art Line,0,Electric,N/A,1,Auto,4,5,Wagon,4,Pure Electric,0,0,238,430,Pure EV,Yes,0,193,0,1000,293,,
66d7e0f5cdf87e8b5d63df1d,2021,Mercedes-Benz,EQC Class,EQC400 4MATIC,0,Electric,N/A,1,Auto,4,5,Wagon,4,Pure Electric,0,0,238,430,Pure EV,Yes,0,193,0,1000,293,,
66d7e0f5cdf87e8b5d63df21,2024,Audi,Q8 e-tron,55,0,Electric,N/A,1,Auto,4,5,SUV,4,Pure Electric,0,0,256,454,Pure EV,Yes,0,207,0,1075,,,
66d7e0f5cdf87e8b5d63df22,2024,Audi,Q8 e-tron Sportback,55,0,Electric,N/A,1,Auto,4,5,SUV,4,Pure Electric,0,0,256,454,Pure EV,Yes,0,207,0,1075,,,
66d7e0f5cdf87e8b5d63df24,2023,Audi,Q8,Q8 e-tron quattro Sportback,0,Electric,N/A,1,Auto,4,5,SUV,4,Pure Electric,0,0,256,454,Pure EV,Yes,0,207,0,1075,,,
66d7e0f5cdf87e8b5d63df2f,2020,Porsche,Taycan,4S Performance Battery +,0,Electric,N/A,2,Other,4,4,Coupe,4,Pure Electric,0,0,270,414,Pure EV,Yes,0,219,0,1134,,,
